,ID,calldate,callend,duration,connect_duration,progress_time,first_rtp_time,caller,caller_domain,caller_reverse,callername,callername_reverse,called,called_domain,called_reverse,sipcallerip,sipcallerport,sipcalledip,sipcalledport,whohanged,bye,lastSIPresponse_id,lastSIPresponseNum,sighup,dscp,a_index,b_index,a_payload,b_payload,a_saddr,b_saddr,a_received,b_received,a_lost,b_lost,a_ua_id,b_ua_id,a_avgjitter_mult10,b_avgjitter_mult10,a_maxjitter,b_maxjitter,a_sl1,a_sl2,a_sl3,a_sl4,a_sl5,a_sl6,a_sl7,a_sl8,a_sl9,a_sl10,a_d50,a_d70,a_d90,a_d120,a_d150,a_d200,a_d300,b_sl1,b_sl2,b_sl3,b_sl4,b_sl5,b_sl6,b_sl7,b_sl8,b_sl9,b_sl10,b_d50,b_d70,b_d90,b_d120,b_d150,b_d200,b_d300,a_mos_lqo_mult10,b_mos_lqo_mult10,a_mos_f1_mult10,a_mos_f2_mult10,a_mos_adapt_mult10,b_mos_f1_mult10,b_mos_f2_mult10,b_mos_adapt_mult10,a_rtcp_loss,a_rtcp_maxfr,a_rtcp_avgfr_mult10,a_rtcp_maxjitter,a_rtcp_avgjitter_mult10,b_rtcp_loss,b_rtcp_maxfr,b_rtcp_avgfr_mult10,b_rtcp_maxjitter,b_rtcp_avgjitter_mult10,a_last_rtp_from_end,b_last_rtp_from_end,payload,jitter_mult10,mos_min_mult10,a_mos_min_mult10,b_mos_min_mult10,packet_loss_perc_mult1000,a_packet_loss_perc_mult1000,b_packet_loss_perc_mult1000,delay_sum,a_delay_sum,b_delay_sum,delay_avg_mult100,a_delay_avg_mult100,b_delay_avg_mult100,delay_cnt,a_delay_cnt,b_delay_cnt,rtcp_avgfr_mult10,rtcp_avgjitter_mult10,lost,id_sensor,price_operator_mult100,price_operator_currency_id,price_customer_mult100,price_customer_currency_id,reason_sip_cause,reason_sip_text_id,reason_q850_cause,reason_q850_text_id,caller_silence,called_silence,caller_silence_end,called_silence_end,a_mos_xr_min_mult10,b_mos_xr_min_mult10,a_mos_xr_mult10,b_mos_xr_mult10,response_time_100,response_time_xxx,a_mos_f1_min_mult10,a_mos_f2_min_mult10,a_mos_adapt_min_mult10,b_mos_f1_min_mult10,b_mos_f2_min_mult10,b_mos_adapt_min_mult10,a_rtp_ptime,b_rtp_ptime,flags,ipaddr_caller,ipaddr_called,ipaddr_lat_sip_caller,ipaddr_lat_ip_called,ipaddr_lons_ip_caller,ipaddr_lons_ip_called,caller_city_asn,called_city_asn
87,76107564,2018-05-01 12:09:48,2018-05-01 12:10:17,29,8.0,1.0,1.0,anonym,sanitized,mynona,sanitized,sanitized,190244,sanitized,442091,773050638,5060,1654599251,11000,caller,3,1,200,0,33690112,1.0,0.0,0.0,0.0,773050703.0,1654599251.0,408.0,1391.0,0.0,0.0,738.0,2.0,3.0,1.0,3.0,1.0,0.0,0.0,0.0,0.0,0.0,0.0,0.0,0.0,0.0,0.0,0.0,0.0,0.0,0.0,0.0,0.0,0.0,0.0,0.0,0.0,0.0,0.0,0.0,0.0,0.0,0.0,0.0,0.0,0.0,0.0,0.0,0.0,0.0,0.0,,,45.0,45.0,45.0,45.0,45.0,45.0,,,,,,,,,,,0.0,0.0,0.0,3.0,45.0,45.0,45.0,0.0,0.0,0.0,0.0,0.0,0.0,0.0,0.0,0.0,0.0,0.0,0.0,,,0.0,902,,255.0,,255.0,,,,,,,,,,,,,1.0,318.0,45.0,45.0,45.0,45.0,45.0,45.0,20.0,20.0,,46.19.209.14,98.159.46.83,53.3472,40.7432,-6.2439,-75.2242,,Easton
96,76105566,2018-05-01 11:40:36,2018-05-01 11:41:53,77,73.0,0.0,4.0,anonym,sanitized,mynona,sanitized,sanitized,device,sanitized,ecived,1654599251,11000,2393257259,1030,caller,3,1,200,0,33685510,0.0,1.0,9.0,9.0,1654599251.0,2393257259.0,3657.0,3649.0,0.0,0.0,2.0,3931.0,2.0,26.0,4.0,5.0,0.0,0.0,0.0,0.0,0.0,0.0,0.0,0.0,0.0,0.0,0.0,0.0,0.0,0.0,0.0,0.0,0.0,0.0,0.0,0.0,0.0,0.0,0.0,0.0,0.0,0.0,0.0,0.0,0.0,0.0,0.0,0.0,0.0,0.0,,,45.0,45.0,45.0,45.0,45.0,45.0,0.0,0.0,0.0,3.0,20.0,65535.0,0.0,0.0,12.0,86.0,0.0,0.0,9.0,26.0,45.0,45.0,45.0,0.0,0.0,0.0,0.0,0.0,0.0,0.0,0.0,0.0,0.0,0.0,0.0,0.0,106.0,0.0,902,,255.0,,255.0,,,16.0,21.0,,,,,,,,,1.0,147.0,45.0,45.0,45.0,45.0,45.0,45.0,20.0,20.0,,98.159.46.83,142.166.53.43,40.7432,47.5334,-75.2242,-52.7595,Easton,St. John's
105,76100714,2018-05-01 00:07:42,2018-05-01 00:08:02,20,2.0,0.0,19.0,anonym,sanitized,mynona,sanitized,sanitized,778726,sanitized,627877,3227975251,11000,3091469318,5060,caller,3,1,200,0,33685550,0.0,1.0,0.0,0.0,3227975251.0,3091469318.0,54.0,52.0,0.0,0.0,2.0,,1.0,22.0,1.0,4.0,0.0,0.0,0.0,0.0,0.0,0.0,0.0,0.0,0.0,0.0,0.0,0.0,0.0,0.0,0.0,0.0,0.0,0.0,0.0,0.0,0.0,0.0,0.0,0.0,0.0,0.0,0.0,0.0,0.0,0.0,0.0,0.0,0.0,0.0,,,45.0,45.0,45.0,45.0,45.0,45.0,,,,,,,,,,,0.0,0.0,0.0,22.0,45.0,45.0,45.0,0.0,0.0,0.0,0.0,0.0,0.0,0.0,0.0,0.0,0.0,0.0,0.0,,,0.0,501,,255.0,,255.0,,,16.0,21.0,,,,,,,,,1.0,37.0,45.0,45.0,45.0,45.0,45.0,45.0,20.0,20.0,,192.102.254.83,184.68.20.6,43.6319,49.2436,-79.3716,-122.7865,,Port Coquitlam
146,76101080,2018-05-01 00:19:13,2018-05-01 00:19:50,37,35.0,0.0,,anonym,sanitized,mynona,sanitized,sanitized,201,sanitized,102,3227975250,11000,3330677851,1107,caller,2,1,200,0,33685504,,,,,,,,,,,2.0,3599.0,,,,,,,,,,,,,,,,,,,,,,,,,,,,,,,,,,,,,,,,,,,,,,,,,,,,,,,,,,,,,,,,,,,,,,,,,,,,,,,802,,,,,,,16.0,21.0,,,,,,,,,1.0,70.0,,,,,,,,,4.0,192.102.254.82,198.134.28.91,43.6319,55.3333,-79.3716,-115.4167,,Kinuso
163,76103393,2018-05-01 05:15:32,2018-05-01 05:16:01,29,18.0,2.0,11.0,anonym,sanitized,mynona,sanitized,sanitized,151933,sanitized,339151,3227975507,11000,3438593084,5060,caller,3,1,200,0,33685504,1.0,0.0,0.0,0.0,3227975507.0,3438593084.0,894.0,904.0,0.0,0.0,2.0,,2.0,2.0,2.0,1.0,0.0,0.0,0.0,0.0,0.0,0.0,0.0,0.0,0.0,0.0,0.0,0.0,0.0,0.0,0.0,0.0,0.0,0.0,0.0,0.0,0.0,0.0,0.0,0.0,0.0,0.0,0.0,0.0,0.0,0.0,0.0,0.0,0.0,0.0,,,45.0,45.0,43.0,45.0,45.0,45.0,0.0,0.0,0.0,0.0,0.0,,,,,,0.0,0.0,0.0,2.0,45.0,45.0,45.0,0.0,0.0,0.0,0.0,0.0,0.0,0.0,0.0,0.0,0.0,0.0,0.0,0.0,0.0,0.0,801,,,,,,,16.0,21.0,,,,,,,,,1.0,1703.0,45.0,45.0,41.0,45.0,45.0,45.0,20.0,20.0,,192.102.255.83,204.244.196.60,43.6319,43.6518,-79.3716,-79.5076,,Toronto
193,76103675,2018-05-01 09:26:47,2018-05-01 09:30:16,209,209.0,0.0,,anonym,sanitized,mynona,sanitized,sanitized,519882,sanitized,288915,3227975507,11000,846445562,1024,caller,3,1,200,0,33685504,,,,,,,,,,,2.0,2570.0,,,,,,,,,,,,,,,,,,,,,,,,,,,,,,,,,,,,,,,,,,,,,,,,,,,,,,,,,,,,,,,,,,,,,,,,,,,,,,,902,,255.0,,255.0,,,16.0,21.0,,,,,,,,,1.0,31.0,,,,,,,,,,192.102.255.83,50.115.187.250,43.6319,42.9578,-79.3716,-82.2777,,Sarnia
208,76101537,2018-05-01 00:41:02,2018-05-01 00:45:28,266,266.0,0.0,0.0,Unavai,sanitized,iavanU,sanitized,sanitized,866943,sanitized,349668,3227975250,11000,875246285,5060,callee,3,1,200,0,33685504,1.0,0.0,0.0,0.0,3227975250.0,875246285.0,13273.0,13285.0,0.0,1.0,2.0,3969.0,1.0,2.0,2.0,2.0,0.0,0.0,0.0,0.0,0.0,0.0,0.0,0.0,0.0,0.0,0.0,0.0,0.0,0.0,0.0,0.0,0.0,1.0,0.0,0.0,0.0,0.0,0.0,0.0,0.0,0.0,0.0,0.0,0.0,0.0,0.0,0.0,0.0,0.0,,,45.0,45.0,45.0,45.0,45.0,45.0,,,,,,,,,,,0.0,0.0,0.0,2.0,45.0,45.0,45.0,8.0,0.0,8.0,0.0,0.0,0.0,0.0,0.0,0.0,0.0,0.0,0.0,,,1.0,501,,255.0,,255.0,,,,,,,,,,,,,1.0,397.0,45.0,45.0,45.0,45.0,45.0,45.0,20.0,20.0,,192.102.254.82,52.43.50.205,43.6319,45.8696,-79.3716,-119.688,,Boardman
209,76106752,2018-05-01 11:57:17,2018-05-01 11:59:38,141,133.0,0.0,1.0,device,sanitized,ecived,sanitized,sanitized,738284,sanitized,482837,417208698,50580,1654599251,11000,caller,3,1,200,0,33685504,2.0,0.0,9.0,9.0,417208698.0,1654599251.0,6645.0,7012.0,0.0,0.0,3931.0,2.0,27.0,1.0,10.0,1.0,0.0,0.0,0.0,0.0,0.0,0.0,0.0,0.0,0.0,0.0,0.0,0.0,0.0,0.0,0.0,0.0,0.0,0.0,0.0,0.0,0.0,0.0,0.0,0.0,0.0,0.0,0.0,0.0,0.0,0.0,0.0,0.0,0.0,0.0,,,45.0,45.0,45.0,45.0,45.0,45.0,65535.0,0.0,0.0,4.0,14.0,65535.0,7.0,6.0,7.0,27.0,0.0,0.0,9.0,27.0,45.0,45.0,45.0,0.0,0.0,0.0,0.0,0.0,0.0,0.0,0.0,0.0,0.0,0.0,0.0,6.0,41.0,0.0,902,,255.0,,255.0,,,,,,,,,,,,,1.0,5.0,45.0,45.0,45.0,45.0,45.0,45.0,20.0,20.0,,24.222.25.122,98.159.46.83,45.2,40.7432,-64.1167,-75.2242,Cambridge,Easton
210,76107009,2018-05-01 12:03:19,2018-05-01 12:03:59,40,18.0,6.0,6.0,device,sanitized,ecived,sanitized,sanitized,763897,sanitized,798367,1676539840,1026,1654599251,11000,caller,3,1,200,0,33690112,2.0,0.0,9.0,9.0,1676539840.0,1654599251.0,840.0,1684.0,0.0,0.0,3920.0,2.0,27.0,2.0,5.0,2.0,0.0,0.0,0.0,0.0,0.0,0.0,0.0,0.0,0.0,0.0,0.0,0.0,0.0,0.0,0.0,0.0,0.0,0.0,0.0,0.0,0.0,0.0,0.0,0.0,0.0,0.0,0.0,0.0,0.0,0.0,0.0,0.0,0.0,0.0,,,45.0,45.0,45.0,45.0,45.0,45.0,0.0,0.0,0.0,5.0,51.0,0.0,0.0,0.0,2.0,21.0,0.0,0.0,9.0,27.0,45.0,45.0,45.0,0.0,0.0,0.0,0.0,0.0,0.0,0.0,0.0,0.0,0.0,0.0,0.0,0.0,72.0,0.0,902,,255.0,,255.0,,,,,,,,,,,,,2.0,6.0,45.0,45.0,45.0,45.0,45.0,45.0,20.0,20.0,,99.237.247.192,98.159.46.83,47.6333,40.7432,-52.85,-75.2242,Portugal Cove,Easton
212,76105477,2018-05-01 11:37:18,2018-05-01 11:39:54,156,153.0,0.0,0.0,device,sanitized,ecived,sanitized,sanitized,200,sanitized,002,2393990862,1027,1654599251,11000,caller,3,1,200,0,33687040,2.0,0.0,9.0,9.0,2393990862.0,1654599251.0,7661.0,7783.0,1.0,0.0,3770.0,2.0,16.0,1.0,2.0,3.0,1.0,0.0,0.0,0.0,0.0,0.0,0.0,0.0,0.0,0.0,0.0,0.0,0.0,0.0,0.0,0.0,0.0,0.0,0.0,0.0,0.0,0.0,0.0,0.0,0.0,0.0,0.0,0.0,0.0,0.0,0.0,0.0,0.0,0.0,,,45.0,45.0,45.0,45.0,45.0,45.0,65535.0,0.0,0.0,13.0,77.0,0.0,0.0,0.0,0.0,0.0,0.0,0.0,9.0,16.0,45.0,45.0,45.0,13.0,13.0,0.0,0.0,0.0,0.0,0.0,0.0,0.0,0.0,0.0,0.0,0.0,77.0,1.0,902,,255.0,,255.0,,,,,,,,,,,,,2.0,5.0,45.0,45.0,45.0,45.0,45.0,45.0,20.0,20.0,,142.177.102.206,98.159.46.83,47.5124,40.7432,-52.6729,-75.2242,St. John's,Easton
269,76104757,2018-05-01 11:12:29,2018-05-01 11:14:12,103,93.0,3.0,3.0,device,sanitized,ecived,sanitized,sanitized,739320,sanitized,023937,3514832870,42333,1654599248,5060,caller,3,1,200,0,33687040,3.0,2.0,9.0,9.0,3514832870.0,1654599250.0,4623.0,4981.0,0.0,0.0,3931.0,2.0,22.0,1.0,6.0,1.0,0.0,0.0,0.0,0.0,0.0,0.0,0.0,0.0,0.0,0.0,0.0,0.0,0.0,0.0,0.0,0.0,0.0,0.0,0.0,0.0,0.0,0.0,0.0,0.0,0.0,0.0,0.0,0.0,0.0,0.0,0.0,0.0,0.0,0.0,,,45.0,45.0,45.0,45.0,45.0,45.0,,,,,,0.0,0.0,0.0,2.0,20.0,0.0,0.0,9.0,22.0,45.0,45.0,45.0,0.0,0.0,0.0,0.0,0.0,0.0,0.0,0.0,0.0,0.0,0.0,0.0,0.0,20.0,0.0,902,,255.0,,255.0,,,,,,,,,,,,,2.0,7.0,45.0,45.0,45.0,45.0,45.0,45.0,20.0,20.0,,209.128.23.230,98.159.46.80,47.5167,40.7432,-52.7833,-75.2242,Mount Pearl,Easton
381,76105633,2018-05-01 11:41:01,2018-05-01 11:43:06,125,118.0,2.0,2.0,device,sanitized,ecived,sanitized,sanitized,832512,sanitized,215238,2394021867,54465,1654599251,11000,caller,3,1,200,0,33687040,3.0,2.0,9.0,9.0,2394021867.0,1654599251.0,5885.0,6102.0,0.0,0.0,3931.0,2.0,26.0,2.0,5.0,1.0,0.0,0.0,0.0,0.0,0.0,0.0,0.0,0.0,0.0,0.0,0.0,0.0,0.0,0.0,0.0,0.0,0.0,0.0,0.0,0.0,0.0,0.0,0.0,0.0,0.0,0.0,0.0,0.0,0.0,0.0,0.0,0.0,0.0,0.0,,,45.0,45.0,45.0,45.0,45.0,45.0,65535.0,0.0,0.0,13.0,73.0,0.0,0.0,0.0,3.0,21.0,0.0,0.0,9.0,26.0,45.0,45.0,45.0,0.0,0.0,0.0,0.0,0.0,0.0,0.0,0.0,0.0,0.0,0.0,0.0,0.0,94.0,0.0,902,,255.0,,255.0,,,,,,,,,,,,,2.0,7.0,45.0,45.0,45.0,45.0,45.0,45.0,20.0,20.0,,142.177.223.235,98.159.46.83,45.0691,40.7432,-64.4696,-75.2242,New Minas,Easton
417,76104638,2018-05-01 11:09:11,2018-05-01 11:09:28,17,9.0,2.0,2.0,device,sanitized,ecived,sanitized,sanitized,739455,sanitized,554937,2393277605,1306,1654599251,11000,caller,3,1,200,0,33687040,3.0,2.0,9.0,9.0,2393277605.0,1654599251.0,416.0,709.0,0.0,0.0,3931.0,2.0,22.0,2.0,3.0,3.0,0.0,0.0,0.0,0.0,0.0,0.0,0.0,0.0,0.0,0.0,0.0,0.0,0.0,0.0,0.0,0.0,0.0,0.0,0.0,0.0,0.0,0.0,0.0,0.0,0.0,0.0,0.0,0.0,0.0,0.0,0.0,0.0,0.0,0.0,,,45.0,45.0,45.0,45.0,45.0,45.0,65535.0,0.0,0.0,4.0,41.0,0.0,0.0,0.0,2.0,22.0,0.0,0.0,9.0,22.0,45.0,45.0,45.0,0.0,0.0,0.0,0.0,0.0,0.0,0.0,0.0,0.0,0.0,0.0,0.0,0.0,63.0,0.0,902,,255.0,,255.0,,,,,,,,,,,,,2.0,6.0,45.0,45.0,45.0,45.0,45.0,45.0,20.0,20.0,,142.166.132.165,98.159.46.83,45.2308,40.7432,-66.0953,-75.2242,Saint John,Easton
706,76102913,2018-05-01 02:55:08,2018-05-01 03:02:22,434,433.0,0.0,1.0,604889,sanitized,988406,sanitized,sanitized,101,sanitized,101,3227975250,11000,1613813930,23715,callee,3,1,200,0,33685550,2.0,0.0,9.0,9.0,3227975250.0,1613813930.0,21630.0,21642.0,0.0,1.0,2.0,10.0,1.0,26.0,2.0,7.0,0.0,0.0,0.0,0.0,0.0,0.0,0.0,0.0,0.0,0.0,0.0,0.0,0.0,0.0,0.0,0.0,0.0,1.0,0.0,0.0,0.0,0.0,0.0,0.0,0.0,0.0,0.0,0.0,0.0,0.0,0.0,0.0,0.0,0.0,,,45.0,45.0,45.0,45.0,45.0,45.0,,,,,,,,,,,0.0,0.0,9.0,26.0,45.0,45.0,45.0,5.0,0.0,5.0,0.0,0.0,0.0,0.0,0.0,0.0,0.0,0.0,0.0,,,1.0,501,,255.0,,255.0,,,,,,,,,,,,,2.0,65.0,45.0,45.0,45.0,45.0,45.0,45.0,20.0,20.0,,192.102.254.82,96.48.216.170,43.6319,49.0997,-79.3716,-122.6526,,Langley
731,76105816,2018-05-01 11:41:15,2018-05-01 11:45:36,261,249.0,0.0,,709689,sanitized,986907,sanitized,sanitized,device,sanitized,ecived,3227975507,11000,417208698,24559,callee,3,1,200,0,33685504,,,,,,,,,,,2.0,3932.0,,,,,,,,,,,,,,,,,,,,,,,,,,,,,,,,,,,,,,,,,,,,,,,,,,,,,,,,,,,,,,,,,,,,,,,,,,,,,,,902,,255.0,,255.0,,,,,,,,,,,,,1.0,108.0,,,,,,,,,,192.102.255.83,24.222.25.122,43.6319,45.2,-79.3716,-64.1167,,Cambridge
738,76101740,2018-05-01 00:45:42,2018-05-01 00:58:38,776,767.0,1.0,9.0,604589,sanitized,985406,sanitized,sanitized,101,sanitized,101,3227975250,11000,1674011774,5060,callee,3,1,200,0,33685504,0.0,1.0,9.0,9.0,3227975250.0,1674011774.0,38244.0,38360.0,2.0,1.0,2.0,489.0,1.0,4.0,1.0,5.0,2.0,0.0,0.0,0.0,0.0,0.0,0.0,0.0,0.0,0.0,0.0,0.0,0.0,0.0,0.0,0.0,0.0,1.0,0.0,0.0,0.0,0.0,0.0,0.0,0.0,0.0,0.0,0.0,0.0,0.0,0.0,0.0,0.0,0.0,,,45.0,45.0,45.0,45.0,45.0,45.0,65535.0,20.0,3.0,0.0,1.0,,,,,,0.0,0.0,9.0,4.0,45.0,45.0,45.0,5.0,5.0,3.0,0.0,0.0,0.0,0.0,0.0,0.0,0.0,0.0,0.0,3.0,1.0,2.0,501,,255.0,,255.0,,,,,,,,,,,,,1.0,195.0,45.0,45.0,45.0,45.0,45.0,45.0,20.0,20.0,,192.102.254.82,99.199.100.126,43.6319,49.2667,-79.3716,-122.7833,,Coquitlam
755,76104448,2018-05-01 11:00:27,2018-05-01 11:01:31,64,56.0,1.0,8.0,506389,sanitized,983605,sanitized,sanitized,190246,sanitized,642091,1654599251,11000,3507482183,5060,caller,3,1,200,0,1572910,0.0,1.0,0.0,0.0,1654599251.0,3507482183.0,2829.0,1901.0,0.0,0.0,2.0,,1.0,7.0,1.0,5.0,0.0,0.0,0.0,0.0,0.0,0.0,0.0,0.0,0.0,0.0,0.0,0.0,0.0,0.0,0.0,0.0,0.0,0.0,0.0,0.0,0.0,0.0,0.0,0.0,0.0,0.0,0.0,1.0,0.0,0.0,0.0,0.0,0.0,0.0,,,45.0,45.0,45.0,45.0,45.0,45.0,0.0,0.0,0.0,0.0,0.0,65535.0,1.0,1.0,4.0,36.0,0.0,18.0,0.0,7.0,45.0,45.0,45.0,0.0,0.0,0.0,60.0,0.0,60.0,6000.0,0.0,6000.0,1.0,0.0,1.0,1.0,36.0,0.0,902,,255.0,,255.0,,,16.0,21.0,,,,,,,,,9.0,739.0,45.0,45.0,45.0,45.0,45.0,45.0,20.0,20.0,,98.159.46.83,209.15.238.71,40.7432,43.6021,-75.2242,-79.5402,Easton,Toronto
812,76102479,2018-05-01 02:00:38,2018-05-01 02:01:18,40,24.0,0.0,16.0,778869,sanitized,968877,sanitized,sanitized,117,sanitized,711,3227975251,11000,1168009517,1024,callee,3,1,200,0,33685504,0.0,1.0,0.0,0.0,3227975251.0,1168009517.0,1194.0,1188.0,0.0,0.0,2.0,27.0,1.0,3.0,2.0,1.0,0.0,0.0,0.0,0.0,0.0,0.0,0.0,0.0,0.0,0.0,0.0,0.0,0.0,0.0,0.0,0.0,0.0,0.0,0.0,0.0,0.0,0.0,0.0,0.0,0.0,0.0,0.0,0.0,0.0,0.0,0.0,0.0,0.0,0.0,,,45.0,45.0,45.0,45.0,45.0,45.0,,,,,,,,,,,0.0,0.0,0.0,3.0,45.0,45.0,45.0,0.0,0.0,0.0,0.0,0.0,0.0,0.0,0.0,0.0,0.0,0.0,0.0,,,0.0,501,,255.0,,255.0,,,,,,,,,,,,,1.0,191.0,45.0,45.0,45.0,45.0,45.0,45.0,20.0,20.0,,192.102.254.83,69.158.105.45,43.6319,43.7878,-79.3716,-79.1564,,Scarborough
816,76110402,2018-05-01 12:37:33,2018-05-01 12:37:54,21,13.0,1.0,1.0,709769,sanitized,967907,sanitized,sanitized,170970,sanitized,079071,1168965251,5060,1654599250,11000,callee,3,1,200,0,33697280,1.0,0.0,0.0,0.0,1168965251.0,1654599250.0,635.0,960.0,0.0,0.0,3336.0,2.0,2.0,5.0,1.0,21.0,0.0,0.0,0.0,0.0,0.0,0.0,0.0,0.0,0.0,0.0,0.0,0.0,0.0,0.0,0.0,0.0,0.0,0.0,0.0,0.0,0.0,0.0,0.0,0.0,0.0,0.0,0.0,0.0,0.0,0.0,0.0,0.0,0.0,1.0,,,45.0,45.0,45.0,45.0,45.0,40.0,,,,,,0.0,1.0,3.0,0.0,0.0,0.0,1.0,0.0,5.0,45.0,45.0,45.0,0.0,0.0,0.0,300.0,0.0,300.0,30000.0,0.0,30000.0,1.0,0.0,1.0,3.0,0.0,0.0,902,,255.0,,255.0,,,16.0,21.0,,,,,,,,,1.0,404.0,45.0,45.0,45.0,45.0,45.0,35.0,20.0,20.0,,69.172.254.131,98.159.46.82,43.6496,40.7432,-79.3833,-75.2242,Toronto,Easton
826,76100961,2018-05-01 00:15:55,2018-05-01 00:16:44,49,35.0,0.0,14.0,519669,sanitized,966915,sanitized,sanitized,user_m,sanitized,m_resu,3227975507,11000,1176754522,1026,caller,3,1,200,0,33685504,0.0,1.0,0.0,0.0,3227975507.0,1176754522.0,1658.0,1675.0,0.0,0.0,2.0,3741.0,2.0,30.0,1.0,8.0,0.0,0.0,0.0,0.0,0.0,0.0,0.0,0.0,0.0,0.0,0.0,0.0,0.0,0.0,0.0,0.0,0.0,0.0,0.0,0.0,0.0,0.0,0.0,0.0,0.0,0.0,0.0,0.0,0.0,0.0,0.0,0.0,0.0,0.0,,,45.0,45.0,45.0,45.0,45.0,45.0,0.0,0.0,0.0,4.0,34.0,,,,,,,,0.0,30.0,45.0,45.0,45.0,0.0,0.0,0.0,0.0,0.0,0.0,0.0,0.0,0.0,0.0,0.0,0.0,0.0,34.0,0.0,801,,,,,,,16.0,21.0,,,,,,,,,1.0,80.0,45.0,45.0,45.0,45.0,45.0,45.0,20.0,20.0,,192.102.255.83,70.35.217.90,43.6319,44.25,-79.3716,-80.55,,Flesherton
915,76104475,2018-05-01 11:02:31,2018-05-01 11:03:14,43,40.0,0.0,3.0,259,sanitized,952,sanitized,sanitized,device,sanitized,ecived,1654599251,11000,417208698,61850,callee,3,1,200,0,33685504,0.0,1.0,9.0,9.0,1654599251.0,417208698.0,1983.0,2000.0,0.0,0.0,2.0,3931.0,4.0,26.0,28.0,6.0,0.0,0.0,0.0,0.0,0.0,0.0,0.0,0.0,0.0,0.0,0.0,0.0,0.0,0.0,0.0,0.0,0.0,0.0,0.0,0.0,0.0,0.0,0.0,0.0,0.0,0.0,0.0,0.0,0.0,0.0,0.0,0.0,0.0,0.0,,,45.0,45.0,45.0,45.0,45.0,45.0,65535.0,1.0,1.0,3.0,25.0,65535.0,0.0,0.0,10.0,35.0,0.0,0.0,9.0,26.0,45.0,45.0,45.0,0.0,0.0,0.0,0.0,0.0,0.0,0.0,0.0,0.0,0.0,0.0,0.0,1.0,60.0,0.0,902,,255.0,,255.0,,,,,,,,,,,,,1.0,111.0,45.0,45.0,45.0,45.0,45.0,45.0,20.0,20.0,,98.159.46.83,24.222.25.122,40.7432,45.2,-75.2242,-64.1167,Easton,Cambridge
948,76108032,2018-05-01 12:14:29,2018-05-01 12:15:36,67,48.0,0.0,,709749,sanitized,947907,sanitized,sanitized,user_a,sanitized,a_resu,3227975507,11000,3514831954,5062,callee,3,1,200,0,33685504,,,,,,,,,,,2.0,3334.0,,,,,,,,,,,,,,,,,,,,,,,,,,,,,,,,,,,,,,,,,,,,,,,,,,,,,,,,,,,,,,,,,,,,,,,,,,,,,,,902,,255.0,,255.0,,,,,,,,,,,,,1.0,193.0,,,,,,,,,,192.102.255.83,209.128.20.82,43.6319,47.5167,-79.3716,-52.7833,,Mount Pearl
968,76107915,2018-05-01 12:12:53,2018-05-01 12:14:09,76,69.0,0.0,,709749,sanitized,947907,sanitized,sanitized,device,sanitized,ecived,3227975506,11000,1676539840,1025,caller,3,1,200,0,33685504,,,,,,,,,,,2.0,3931.0,,,,,,,,,,,,,,,,,,,,,,,,,,,,,,,,,,,,,,,,,,,,,,,,,,,,,,,,,,,,,,,,,,,,,,,,,,,,,,,902,,255.0,,255.0,,,16.0,21.0,,,,,,,,,1.0,192.0,,,,,,,,,,192.102.255.82,99.237.247.192,43.6319,47.6333,-79.3716,-52.85,,Portugal Cove
1013,76105940,2018-05-01 11:43:03,2018-05-01 11:47:40,277,268.0,0.0,,709739,sanitized,937907,sanitized,sanitized,device,sanitized,ecived,3227975507,11000,2392989210,5060,callee,3,1,200,0,33685504,,,,,,,,,,,2.0,3932.0,,,,,,,,,,,,,,,,,,,,,,,,,,,,,,,,,,,,,,,,,,,,,,,,,,,,,,,,,,,,,,,,,,,,,,,,,,,,,,,902,,255.0,,255.0,,,,,,,,,,,,,1.0,160.0,,,,,,,,,,192.102.255.83,142.162.30.26,43.6319,47.5986,-79.3716,-52.6926,,St. John's
1021,76102225,2018-05-01 01:39:18,2018-05-01 01:41:09,111,106.0,0.0,5.0,604739,sanitized,937406,sanitized,sanitized,100ds,sanitized,sd001,3227975250,11000,2919736882,5060,callee,3,1,200,0,33685550,1.0,0.0,9.0,9.0,3227975250.0,2919736882.0,5271.0,5271.0,1.0,0.0,2.0,3987.0,1.0,34.0,1.0,7.0,1.0,0.0,0.0,0.0,0.0,0.0,0.0,0.0,0.0,0.0,0.0,0.0,0.0,0.0,0.0,0.0,0.0,0.0,0.0,0.0,0.0,0.0,0.0,0.0,0.0,0.0,0.0,0.0,0.0,0.0,0.0,0.0,0.0,0.0,,,45.0,45.0,45.0,45.0,45.0,45.0,0.0,0.0,0.0,0.0,2.0,,,,,,0.0,0.0,9.0,34.0,45.0,45.0,45.0,19.0,19.0,0.0,0.0,0.0,0.0,0.0,0.0,0.0,0.0,0.0,0.0,0.0,2.0,1.0,501,,255.0,,255.0,,,,,,,,,,,,,2.0,96.0,45.0,45.0,45.0,45.0,45.0,45.0,20.0,20.0,,192.102.254.82,174.7.166.50,43.6319,49.299,-79.3716,-123.1408,,Vancouver
1072,76101040,2018-05-01 00:16:54,2018-05-01 00:19:49,175,160.0,3.0,,604639,sanitized,936406,sanitized,sanitized,876952,sanitized,96781+,3227975250,11000,1208998796,5060,caller,3,1,200,0,33685504,,,,,,,,,,,2.0,,,,,,,,,,,,,,,,,,,,,,,,,,,,,,,,,,,,,,,,,,,,,,,,,,,,,,,,,,,,,,,,,,,,,,,,,,,,,,,,801,,,,,,,,,,,,,,,,,2.0,3235.0,,,,,,,,,,192.102.254.82,72.15.219.140,43.6319,35.2277,-79.3716,-80.8439,,Charlotte
1155,76107335,2018-05-01 12:07:55,2018-05-01 12:08:10,15,10.0,0.0,5.0,519339,sanitized,933915,sanitized,sanitized,200,sanitized,002,3227975504,7000,755177258,1054,callee,3,1,200,0,33554432,0.0,1.0,9.0,9.0,3227975506.0,755177258.0,445.0,442.0,0.0,0.0,2.0,3081.0,1.0,24.0,1.0,20.0,0.0,0.0,0.0,0.0,0.0,0.0,0.0,0.0,0.0,0.0,0.0,0.0,0.0,0.0,0.0,0.0,0.0,0.0,0.0,0.0,0.0,0.0,0.0,0.0,0.0,0.0,0.0,0.0,0.0,0.0,0.0,0.0,0.0,0.0,,,45.0,45.0,45.0,45.0,45.0,38.0,0.0,0.0,0.0,0.0,3.0,,,,,,1.0,1.0,9.0,24.0,45.0,45.0,45.0,0.0,0.0,0.0,0.0,0.0,0.0,0.0,0.0,0.0,0.0,0.0,0.0,0.0,3.0,0.0,802,,,,,,,16.0,21.0,,,,,,,,,69.0,141.0,45.0,45.0,45.0,45.0,45.0,38.0,20.0,20.0,,192.102.255.80,45.3.23.42,43.6319,42.9856,-79.3716,-81.1821,,London
1251,76109462,2018-05-01 12:26:16,2018-05-01 12:28:11,115,99.0,3.0,3.0,d4a019,sanitized,910a4d,sanitized,sanitized,571057,sanitized,750175,1676840295,1025,1654599251,11000,caller,3,1,200,0,33690112,2.0,0.0,9.0,9.0,1676840295.0,1654599251.0,4952.0,5600.0,1.0,1.0,3146.0,2.0,40.0,1.0,9.0,3.0,1.0,0.0,0.0,0.0,0.0,0.0,0.0,0.0,0.0,0.0,0.0,0.0,0.0,0.0,0.0,0.0,0.0,1.0,0.0,0.0,0.0,0.0,0.0,0.0,0.0,0.0,0.0,0.0,0.0,0.0,0.0,0.0,0.0,0.0,,,45.0,45.0,45.0,45.0,45.0,45.0,65535.0,0.0,0.0,13.0,79.0,0.0,0.0,0.0,2.0,21.0,0.0,0.0,9.0,40.0,45.0,45.0,45.0,20.0,20.0,18.0,0.0,0.0,0.0,0.0,0.0,0.0,0.0,0.0,0.0,0.0,100.0,1.0,902,,255.0,,255.0,,,,,,,,,,,,,2.0,7.0,45.0,45.0,45.0,45.0,45.0,45.0,20.0,20.0,,99.242.141.103,98.159.46.83,48.9682,40.7432,-54.5906,-75.2242,Gander,Easton
1412,76106829,2018-05-01 12:00:12,2018-05-01 12:00:41,29,24.0,0.0,5.0,416688,sanitized,886614,sanitized,sanitized,user_q,sanitized,q_resu,3227975506,11000,1168513348,1028,callee,3,1,200,0,33685504,2.0,1.0,0.0,0.0,3227975506.0,1168513348.0,1042.0,1075.0,2.0,0.0,2.0,5.0,2.0,14.0,1.0,6.0,2.0,0.0,0.0,0.0,0.0,0.0,0.0,0.0,0.0,0.0,0.0,0.0,0.0,0.0,0.0,0.0,0.0,0.0,0.0,0.0,0.0,0.0,0.0,0.0,0.0,0.0,0.0,0.0,0.0,0.0,0.0,0.0,0.0,0.0,,,45.0,45.0,45.0,45.0,45.0,45.0,0.0,0.0,0.0,0.0,1.0,,,,,,,,0.0,14.0,45.0,45.0,45.0,192.0,192.0,0.0,0.0,0.0,0.0,0.0,0.0,0.0,0.0,0.0,0.0,0.0,1.0,2.0,801,,,,,,,16.0,21.0,,,,,,,,,2.0,295.0,45.0,45.0,45.0,45.0,45.0,45.0,20.0,20.0,,192.102.255.82,69.166.25.68,43.6319,43.5637,-79.3716,-79.7202,,Mississauga
1498,76102667,2018-05-01 02:24:36,2018-05-01 02:24:39,3,3.0,0.0,0.0,844768,sanitized,867448,sanitized,sanitized,780462,sanitized,264087,3227975250,11000,3632003165,5060,caller,3,1,200,0,33685504,0.0,1.0,0.0,0.0,3227975250.0,3632003165.0,109.0,107.0,0.0,0.0,2.0,,1.0,3.0,1.0,2.0,0.0,0.0,0.0,0.0,0.0,0.0,0.0,0.0,0.0,0.0,0.0,0.0,0.0,0.0,0.0,0.0,0.0,0.0,0.0,0.0,0.0,0.0,0.0,0.0,0.0,0.0,0.0,0.0,0.0,0.0,0.0,0.0,0.0,0.0,,,45.0,45.0,45.0,45.0,45.0,45.0,,,,,,,,,,,0.0,0.0,0.0,3.0,45.0,45.0,45.0,0.0,0.0,0.0,0.0,0.0,0.0,0.0,0.0,0.0,0.0,0.0,0.0,,,0.0,501,,255.0,,255.0,,,16.0,21.0,,,,,,,,,1.0,31.0,45.0,45.0,45.0,45.0,45.0,45.0,20.0,20.0,,192.102.254.82,216.123.248.93,43.6319,53.4609,-79.3716,-113.4519,,Edmonton
1518,76103220,2018-05-01 04:09:36,2018-05-01 04:11:04,88,77.0,0.0,11.0,011668,sanitized,866110,sanitized,sanitized,604425,sanitized,44061+,3227975506,11000,1139062277,5060,callee,3,1,200,0,0,0.0,1.0,0.0,0.0,3227975506.0,845250899.0,3893.0,3885.0,0.0,0.0,2.0,970.0,1.0,54.0,1.0,12.0,0.0,0.0,0.0,0.0,0.0,0.0,0.0,0.0,0.0,0.0,0.0,0.0,0.0,0.0,0.0,0.0,0.0,0.0,0.0,0.0,0.0,0.0,0.0,0.0,0.0,0.0,0.0,0.0,0.0,0.0,0.0,0.0,0.0,0.0,,,45.0,45.0,45.0,45.0,45.0,45.0,0.0,0.0,0.0,2.0,2.0,,,,,,0.0,0.0,0.0,54.0,45.0,45.0,45.0,0.0,0.0,0.0,0.0,0.0,0.0,0.0,0.0,0.0,0.0,0.0,0.0,0.0,2.0,0.0,801,,,,,,,,,,,,,,,,,38.0,38.0,45.0,45.0,45.0,45.0,45.0,45.0,20.0,20.0,,192.102.255.82,67.228.182.5,43.6319,32.7787,-79.3716,-96.8217,,Dallas
1692,76108410,2018-05-01 12:18:37,2018-05-01 12:19:08,31,26.0,1.0,6.0,258,sanitized,852,sanitized,sanitized,255,sanitized,552,3227975504,7000,1210478362,1182,callee,3,1,200,0,33554432,0.0,1.0,9.0,9.0,3227975506.0,1210478362.0,1263.0,1255.0,0.0,4.0,2.0,2256.0,1.0,18.0,1.0,3.0,0.0,0.0,0.0,0.0,0.0,0.0,0.0,0.0,0.0,0.0,0.0,0.0,0.0,0.0,0.0,0.0,0.0,0.0,0.0,0.0,1.0,0.0,0.0,0.0,0.0,0.0,0.0,0.0,0.0,0.0,0.0,0.0,0.0,0.0,,,45.0,45.0,45.0,45.0,45.0,43.0,65535.0,3.0,6.0,2.0,17.0,,,,,,0.0,0.0,9.0,18.0,45.0,45.0,45.0,318.0,0.0,318.0,0.0,0.0,0.0,0.0,0.0,0.0,0.0,0.0,0.0,6.0,17.0,4.0,802,,,,,,,,,,,,,,,,,192.0,283.0,45.0,45.0,45.0,45.0,45.0,41.0,20.0,20.0,,192.102.255.80,72.38.111.26,43.6319,42.2767,-79.3716,-83.0793,,Windsor
1870,76108298,2018-05-01 12:16:27,2018-05-01 12:17:50,83,76.0,0.0,7.0,519328,sanitized,823915,sanitized,sanitized,200,sanitized,002,3227975506,11000,412232355,5060,caller,3,1,200,0,33685504,2.0,1.0,9.0,9.0,3227975506.0,412232355.0,3813.0,3797.0,0.0,29.0,2.0,3649.0,1.0,5.0,1.0,3.0,0.0,0.0,0.0,0.0,0.0,0.0,0.0,0.0,0.0,0.0,0.0,0.0,0.0,0.0,0.0,0.0,0.0,29.0,0.0,0.0,0.0,0.0,0.0,0.0,0.0,0.0,0.0,0.0,0.0,0.0,0.0,0.0,0.0,0.0,,,45.0,45.0,45.0,44.0,45.0,44.0,0.0,0.0,0.0,0.0,2.0,,,,,,0.0,0.0,9.0,5.0,45.0,45.0,45.0,758.0,0.0,758.0,0.0,0.0,0.0,0.0,0.0,0.0,0.0,0.0,0.0,0.0,2.0,29.0,801,,,,,,,16.0,21.0,,,,,,,,,1.0,93.0,45.0,45.0,45.0,42.0,42.0,41.0,20.0,20.0,,192.102.255.82,24.146.42.163,43.6319,42.95,-79.3716,-82.1167,,Wyoming
1888,76103606,2018-05-01 08:50:57,2018-05-01 08:51:43,46,35.0,0.0,11.0,519328,sanitized,823915,sanitized,sanitized,201,sanitized,102,3227975507,11000,405976275,5060,callee,3,1,200,0,33685504,2.0,1.0,9.0,9.0,3227975507.0,405976275.0,1760.0,1771.0,0.0,0.0,2.0,,2.0,8.0,2.0,20.0,0.0,0.0,0.0,0.0,0.0,0.0,0.0,0.0,0.0,0.0,0.0,0.0,0.0,0.0,0.0,0.0,0.0,0.0,0.0,0.0,0.0,0.0,0.0,0.0,0.0,0.0,0.0,0.0,0.0,0.0,0.0,0.0,0.0,0.0,,,45.0,45.0,45.0,45.0,45.0,42.0,,,,,,,,,,,0.0,0.0,9.0,8.0,45.0,45.0,45.0,0.0,0.0,0.0,0.0,0.0,0.0,0.0,0.0,0.0,0.0,0.0,0.0,,,0.0,801,,,,,,,,,,,,,,,,,1.0,219.0,45.0,45.0,45.0,45.0,45.0,37.0,20.0,20.0,,192.102.255.83,24.50.180.211,43.6319,43.2271,-79.3716,-79.871,,Hamilton
1901,76106449,2018-05-01 11:54:46,2018-05-01 11:55:21,35,31.0,0.0,5.0,519328,sanitized,823915,sanitized,sanitized,225,sanitized,522,3227975504,7000,3638379143,11060,caller,3,1,200,0,33554432,0.0,1.0,0.0,0.0,3227975507.0,3638379143.0,1523.0,1524.0,0.0,0.0,2.0,2177.0,1.0,7.0,1.0,3.0,0.0,0.0,0.0,0.0,0.0,0.0,0.0,0.0,0.0,0.0,0.0,0.0,0.0,0.0,0.0,0.0,0.0,0.0,0.0,0.0,0.0,0.0,0.0,0.0,0.0,0.0,0.0,0.0,0.0,0.0,0.0,0.0,0.0,0.0,,,45.0,45.0,45.0,45.0,45.0,45.0,0.0,0.0,0.0,0.0,1.0,,,,,,0.0,0.0,0.0,7.0,45.0,45.0,45.0,0.0,0.0,0.0,0.0,0.0,0.0,0.0,0.0,0.0,0.0,0.0,0.0,0.0,1.0,0.0,802,,,,,,,16.0,21.0,,,,,,,,,33.0,123.0,45.0,45.0,45.0,45.0,45.0,45.0,20.0,20.0,,192.102.255.80,216.221.66.135,43.6319,43.3799,-79.3716,-79.7668,,Burlington
2148,76109924,2018-05-01 12:32:53,2018-05-01 12:33:23,30,23.0,1.0,7.0,705487,sanitized,784507,sanitized,sanitized,user_x,sanitized,x_resu,3227975504,7000,2479012700,1035,callee,3,1,200,0,33554432,0.0,1.0,0.0,0.0,3227975506.0,2479012700.0,1154.0,1144.0,0.0,0.0,2.0,3452.0,1.0,23.0,1.0,7.0,0.0,0.0,0.0,0.0,0.0,0.0,0.0,0.0,0.0,0.0,0.0,0.0,0.0,0.0,0.0,0.0,0.0,0.0,0.0,0.0,0.0,0.0,0.0,0.0,0.0,0.0,0.0,0.0,1.0,0.0,0.0,0.0,0.0,0.0,,,45.0,45.0,45.0,45.0,45.0,43.0,0.0,0.0,0.0,1422.0,3572.0,,,,,,0.0,0.0,0.0,23.0,45.0,45.0,45.0,0.0,0.0,0.0,80.0,0.0,80.0,8000.0,0.0,8000.0,1.0,0.0,1.0,0.0,3572.0,0.0,802,,,,,,,,,,,,,,,,,70.0,83.0,45.0,45.0,45.0,45.0,45.0,41.0,20.0,20.0,,192.102.255.80,147.194.187.92,43.6319,44.0168,-79.3716,-78.3995,,Port Hope
3138,76100630,2018-05-01 00:05:47,2018-05-01 00:05:57,10,5.0,1.0,,202772,sanitized,72021+,sanitized,sanitized,Thomas,sanitized,samohT,1654599251,11000,1818172010,5060,caller,3,1,200,0,33685504,,,,,,,,,,,2.0,3919.0,,,,,,,,,,,,,,,,,,,,,,,,,,,,,,,,,,,,,,,,,,,,,,,,,,,,,,,,,,,,,,,,,,,,,,,,,,,,,,,802,,,,,,,16.0,21.0,,,,,,,,,1.0,95.0,,,,,,,,,,98.159.46.83,108.95.26.106,40.7432,42.5038,-75.2242,-83.4764,Easton,Novi
3141,76100648,2018-05-01 00:05:47,2018-05-01 00:05:57,10,5.0,0.0,1.0,202772,sanitized,72021+,sanitized,sanitized,124862,sanitized,268421,1822862534,5060,1654599251,11000,caller,3,1,200,0,33690112,1.0,0.0,0.0,0.0,1139213648.0,1654599251.0,464.0,460.0,0.0,0.0,,2.0,1.0,1.0,1.0,1.0,0.0,0.0,0.0,0.0,0.0,0.0,0.0,0.0,0.0,0.0,0.0,0.0,0.0,0.0,0.0,0.0,0.0,0.0,0.0,0.0,0.0,0.0,0.0,0.0,0.0,0.0,0.0,0.0,0.0,0.0,0.0,0.0,0.0,0.0,,,45.0,45.0,45.0,45.0,45.0,39.0,,,,,,,,,,,0.0,0.0,0.0,1.0,45.0,45.0,45.0,0.0,0.0,0.0,0.0,0.0,0.0,0.0,0.0,0.0,0.0,0.0,0.0,,,0.0,902,,255.0,,255.0,,,,,,,,,,,,,1.0,617.0,45.0,45.0,45.0,45.0,45.0,39.0,20.0,20.0,,108.166.172.198,98.159.46.83,33.0856,40.7432,-96.6115,-75.2242,Allen,Easton
3312,76109066,2018-05-01 12:24:53,2018-05-01 12:25:27,34,30.0,0.0,4.0,519659,sanitized,69151+,sanitized,sanitized,222,sanitized,222,3227975506,11000,1176303759,4539,caller,3,1,200,0,33685514,2.0,1.0,9.0,9.0,3227975506.0,1176303759.0,1446.0,1462.0,0.0,0.0,2.0,3912.0,2.0,80.0,1.0,23.0,0.0,0.0,0.0,0.0,0.0,0.0,0.0,0.0,0.0,0.0,0.0,0.0,0.0,0.0,0.0,0.0,0.0,0.0,0.0,0.0,0.0,0.0,0.0,0.0,0.0,0.0,0.0,12.0,6.0,3.0,1.0,1.0,0.0,0.0,,,45.0,45.0,45.0,41.0,45.0,42.0,0.0,0.0,0.0,2.0,18.0,,,,,,0.0,0.0,9.0,80.0,45.0,45.0,45.0,0.0,0.0,0.0,1825.0,0.0,1825.0,7935.0,0.0,7935.0,23.0,0.0,23.0,0.0,18.0,0.0,801,,,,,,,16.0,21.0,,,,,,,,,1.0,115.0,45.0,45.0,45.0,39.0,45.0,41.0,20.0,20.0,,192.102.255.82,70.28.248.143,43.6319,44.2099,-79.3716,-80.6238,,Priceville
3581,76108346,2018-05-01 12:18:09,2018-05-01 12:18:31,22,16.0,0.0,,902956,sanitized,659209,sanitized,sanitized,device,sanitized,ecived,3227975506,11000,2393277605,5060,callee,3,1,200,0,33685504,,,,,,,,,,,2.0,3931.0,,,,,,,,,,,,,,,,,,,,,,,,,,,,,,,,,,,,,,,,,,,,,,,,,,,,,,,,,,,,,,,,,,,,,,,,,,,,,,,902,,255.0,,255.0,,,16.0,21.0,,,,,,,,,1.0,133.0,,,,,,,,,,192.102.255.82,142.166.132.165,43.6319,45.2308,-79.3716,-66.0953,,Saint John
3978,76107482,2018-05-01 12:06:25,2018-05-01 12:06:53,28,20.0,0.0,8.0,705326,sanitized,623507,sanitized,sanitized,100,sanitized,001,3227975506,11000,1249172405,1029,callee,3,1,200,0,33685504,0.0,1.0,0.0,0.0,3227975506.0,1249172405.0,465.0,455.0,0.0,0.0,2.0,2708.0,1.0,7.0,1.0,3.0,0.0,0.0,0.0,0.0,0.0,0.0,0.0,0.0,0.0,0.0,0.0,0.0,0.0,0.0,0.0,0.0,0.0,0.0,0.0,0.0,0.0,0.0,0.0,0.0,0.0,0.0,0.0,0.0,0.0,0.0,0.0,0.0,0.0,0.0,,,45.0,45.0,45.0,45.0,45.0,45.0,,,,,,,,,,,,,0.0,7.0,45.0,45.0,45.0,0.0,0.0,0.0,0.0,0.0,0.0,0.0,0.0,0.0,0.0,0.0,0.0,,,0.0,801,,,,,,,16.0,21.0,,,,,,,,,1.0,72.0,45.0,45.0,45.0,45.0,45.0,45.0,20.0,20.0,4.0,192.102.255.82,74.116.219.181,43.6319,44.4548,-79.3716,-79.7352,,Barrie
4057,76108433,2018-05-01 12:19:07,2018-05-01 12:19:18,11,7.0,1.0,1.0,906,sanitized,609,sanitized,sanitized,907,sanitized,709,2914253051,37285,1654599248,7000,callee,3,1,200,0,131072,1.0,0.0,9.0,9.0,2914253051.0,1654599250.0,533.0,521.0,0.0,0.0,3277.0,2.0,33.0,2.0,6.0,2.0,0.0,0.0,0.0,0.0,0.0,0.0,0.0,0.0,0.0,0.0,0.0,0.0,0.0,0.0,0.0,0.0,0.0,0.0,0.0,0.0,0.0,0.0,0.0,0.0,0.0,0.0,0.0,0.0,0.0,0.0,0.0,0.0,0.0,0.0,,,45.0,45.0,45.0,45.0,45.0,39.0,,,,,,0.0,0.0,0.0,472.0,2360.0,0.0,0.0,9.0,33.0,45.0,45.0,45.0,0.0,0.0,0.0,0.0,0.0,0.0,0.0,0.0,0.0,0.0,0.0,0.0,0.0,2360.0,0.0,902,,255.0,,255.0,,,16.0,21.0,,,,,,,,,2.0,7.0,45.0,45.0,45.0,45.0,45.0,39.0,20.0,20.0,,173.179.248.251,98.159.46.80,45.5528,40.7432,-73.6411,-75.2242,Montreal,Easton
4058,76108434,2018-05-01 12:19:07,2018-05-01 12:19:18,11,7.0,1.0,4.0,906,sanitized,609,sanitized,sanitized,907,sanitized,709,1654599248,7000,2914253051,38879,callee,3,1,200,0,33554432,0.0,1.0,9.0,9.0,1654599250.0,2914253051.0,387.0,375.0,0.0,0.0,2.0,3277.0,2.0,31.0,2.0,5.0,0.0,0.0,0.0,0.0,0.0,0.0,0.0,0.0,0.0,0.0,0.0,0.0,0.0,0.0,0.0,0.0,0.0,0.0,0.0,0.0,0.0,0.0,0.0,0.0,0.0,0.0,0.0,0.0,0.0,0.0,0.0,0.0,0.0,0.0,,,45.0,45.0,45.0,45.0,45.0,45.0,0.0,0.0,0.0,0.0,0.0,,,,,,0.0,0.0,9.0,31.0,45.0,45.0,45.0,0.0,0.0,0.0,0.0,0.0,0.0,0.0,0.0,0.0,0.0,0.0,0.0,0.0,0.0,0.0,902,,255.0,,255.0,,,,,,,,,,,,,89.0,190.0,45.0,45.0,45.0,45.0,45.0,45.0,20.0,20.0,,98.159.46.80,173.179.248.251,40.7432,45.5528,-75.2242,-73.6411,Easton,Montreal
4068,76108134,2018-05-01 12:16:15,2018-05-01 12:16:18,3,3.0,0.0,0.0,306,sanitized,603,sanitized,sanitized,*98,sanitized,89*,3638379076,41789,1654599251,11000,caller,3,1,200,0,33688064,1.0,2.0,9.0,9.0,3638379076.0,1654599251.0,150.0,138.0,0.0,0.0,512.0,2.0,10.0,2.0,2.0,1.0,0.0,0.0,0.0,0.0,0.0,0.0,0.0,0.0,0.0,0.0,0.0,0.0,0.0,0.0,0.0,0.0,0.0,0.0,0.0,0.0,0.0,0.0,0.0,0.0,0.0,0.0,0.0,0.0,0.0,0.0,0.0,0.0,0.0,0.0,,,45.0,45.0,45.0,45.0,45.0,45.0,,,,,,,,,,,0.0,0.0,9.0,10.0,45.0,45.0,45.0,0.0,0.0,0.0,0.0,0.0,0.0,0.0,0.0,0.0,0.0,0.0,0.0,,,0.0,902,,255.0,,255.0,,,,,,,,,,,,,2.0,10.0,45.0,45.0,45.0,45.0,45.0,45.0,20.0,20.0,,216.221.66.68,98.159.46.83,42.9888,40.7432,-82.3592,-75.2242,Sarnia,Easton
4070,76104901,2018-05-01 11:16:35,2018-05-01 11:21:05,270,263.0,0.0,7.0,1206,sanitized,6021,sanitized,sanitized,400,sanitized,004,3227975507,11000,410145163,30976,caller,3,1,200,0,33685504,2.0,1.0,9.0,9.0,3227975507.0,410145163.0,13033.0,13104.0,3.0,0.0,2.0,,8.0,51.0,8.0,13.0,3.0,0.0,0.0,0.0,0.0,0.0,0.0,0.0,0.0,0.0,21.0,3.0,0.0,0.0,0.0,0.0,0.0,0.0,0.0,0.0,0.0,0.0,0.0,0.0,0.0,0.0,0.0,0.0,1.0,0.0,0.0,0.0,0.0,0.0,,,45.0,45.0,45.0,45.0,45.0,45.0,,,,,,,,,,,0.0,0.0,9.0,51.0,45.0,45.0,45.0,23.0,23.0,0.0,1500.0,1500.0,80.0,8000.0,6250.0,8000.0,24.0,24.0,1.0,,,3.0,801,,,,,,,16.0,21.0,,,,,,,,,1.0,374.0,45.0,45.0,43.0,45.0,45.0,45.0,20.0,20.0,,192.102.255.83,24.114.81.139,43.6319,43.7535,-79.3716,-79.4472,,North York
4139,76101819,2018-05-01 00:59:59,2018-05-01 01:03:21,202,199.0,0.0,3.0,395,sanitized,593,sanitized,sanitized,801,sanitized,108,3227975251,11000,3350650146,1038,caller,3,1,200,0,33685550,0.0,1.0,9.0,9.0,3227975251.0,3350650146.0,9954.0,9966.0,0.0,1.0,2.0,3245.0,2.0,1.0,4.0,1.0,0.0,0.0,0.0,0.0,0.0,0.0,0.0,0.0,0.0,0.0,0.0,0.0,0.0,0.0,0.0,0.0,0.0,1.0,0.0,0.0,0.0,0.0,0.0,0.0,0.0,0.0,0.0,0.0,0.0,0.0,0.0,0.0,0.0,0.0,,,45.0,45.0,45.0,45.0,45.0,45.0,0.0,0.0,0.0,0.0,0.0,,,,,,0.0,0.0,9.0,2.0,45.0,45.0,45.0,10.0,0.0,10.0,0.0,0.0,0.0,0.0,0.0,0.0,0.0,0.0,0.0,0.0,0.0,1.0,501,,255.0,,255.0,,,16.0,21.0,,,,,,,,,1.0,100.0,45.0,45.0,45.0,45.0,45.0,45.0,20.0,20.0,,192.102.254.83,199.182.221.34,43.6319,49.2478,-79.3716,-122.9938,,Burnaby
4216,76105919,2018-05-01 11:32:59,2018-05-01 11:47:19,860,846.0,0.0,14.0,170965,sanitized,569071,sanitized,sanitized,5efea1,sanitized,1aefe5,1654599250,11000,1676840295,5060,callee,3,1,200,0,33685522,0.0,1.0,9.0,9.0,1654599250.0,1676840295.0,42299.0,42304.0,3.0,6.0,2.0,3146.0,1.0,40.0,4.0,13.0,3.0,0.0,0.0,0.0,0.0,0.0,0.0,0.0,0.0,0.0,0.0,0.0,0.0,0.0,0.0,0.0,0.0,6.0,0.0,0.0,0.0,0.0,0.0,0.0,0.0,0.0,0.0,1.0,0.0,0.0,0.0,0.0,0.0,0.0,,,45.0,45.0,45.0,45.0,45.0,45.0,0.0,0.0,0.0,29490.0,1766.0,,,,,,0.0,0.0,9.0,40.0,45.0,45.0,45.0,14.0,7.0,14.0,60.0,0.0,60.0,6000.0,0.0,6000.0,1.0,0.0,1.0,0.0,1766.0,6.0,902,,255.0,,255.0,,,,,,,,,,,,,1.0,160.0,45.0,45.0,45.0,45.0,45.0,45.0,20.0,20.0,,98.159.46.82,99.242.141.103,40.7432,48.9682,-75.2242,-54.5906,Easton,Gander
4419,76103637,2018-05-01 09:15:00,2018-05-01 09:15:18,18,10.0,0.0,8.0,519835,sanitized,538915,sanitized,sanitized,301,sanitized,103,3227975504,7000,755172978,1024,caller,3,1,200,0,33554432,0.0,1.0,9.0,9.0,3227975506.0,755172978.0,492.0,494.0,0.0,0.0,2.0,,1.0,2.0,1.0,1.0,0.0,0.0,0.0,0.0,0.0,0.0,0.0,0.0,0.0,0.0,0.0,0.0,0.0,0.0,0.0,0.0,0.0,0.0,0.0,0.0,0.0,0.0,0.0,0.0,0.0,0.0,0.0,0.0,0.0,0.0,0.0,0.0,0.0,0.0,,,45.0,45.0,45.0,45.0,45.0,45.0,,,,,,,,,,,0.0,0.0,9.0,2.0,45.0,45.0,45.0,0.0,0.0,0.0,0.0,0.0,0.0,0.0,0.0,0.0,0.0,0.0,0.0,,,0.0,802,,,,,,,16.0,21.0,,,,,,,,,115.0,184.0,45.0,45.0,45.0,45.0,45.0,45.0,20.0,20.0,,192.102.255.80,45.3.6.114,43.6319,43.4881,-79.3716,-79.7098,,Oakville
4808,76103488,2018-05-01 06:58:46,2018-05-01 07:01:08,142,136.0,1.0,1.0,519455,sanitized,49151+,sanitized,sanitized,911,sanitized,119,3227975506,11000,1208092380,5060,caller,3,1,200,0,0,1.0,0.0,0.0,0.0,3227975506.0,1208092380.0,6925.0,7055.0,0.0,0.0,2.0,,15.0,2.0,8.0,4.0,0.0,0.0,0.0,0.0,0.0,0.0,0.0,0.0,0.0,0.0,23.0,5.0,1.0,0.0,0.0,0.0,0.0,0.0,0.0,0.0,0.0,0.0,0.0,0.0,0.0,0.0,0.0,0.0,0.0,0.0,0.0,0.0,0.0,0.0,,,45.0,45.0,45.0,45.0,45.0,45.0,0.0,0.0,0.0,49.0,168.0,,,,,,0.0,0.0,0.0,15.0,45.0,45.0,45.0,0.0,0.0,0.0,1885.0,1885.0,0.0,6500.0,6500.0,0.0,29.0,29.0,0.0,0.0,168.0,0.0,802,,,,,,,16.0,21.0,,,,,,,,,113.0,681.0,45.0,45.0,45.0,45.0,45.0,45.0,20.0,20.0,,192.102.255.82,72.2.6.220,43.6319,48.4502,-79.3716,-123.3435,,Victoria
5383,76108168,2018-05-01 12:16:37,2018-05-01 12:16:50,13,9.0,0.0,4.0,519344,sanitized,443915,sanitized,sanitized,200,sanitized,002,3227975504,7000,1082947488,1210,callee,3,1,200,0,33554432,0.0,1.0,9.0,9.0,3227975507.0,1082947488.0,395.0,393.0,0.0,0.0,2.0,3024.0,1.0,5.0,1.0,3.0,0.0,0.0,0.0,0.0,0.0,0.0,0.0,0.0,0.0,0.0,0.0,0.0,0.0,0.0,0.0,0.0,0.0,0.0,0.0,0.0,0.0,0.0,0.0,0.0,0.0,0.0,0.0,0.0,0.0,0.0,0.0,0.0,0.0,0.0,,,45.0,45.0,45.0,45.0,45.0,45.0,0.0,0.0,0.0,0.0,1.0,,,,,,1.0,1.0,9.0,5.0,45.0,45.0,45.0,0.0,0.0,0.0,0.0,0.0,0.0,0.0,0.0,0.0,0.0,0.0,0.0,0.0,1.0,0.0,802,,,,,,,16.0,21.0,,,,,,,,,40.0,150.0,45.0,45.0,45.0,45.0,45.0,45.0,20.0,20.0,,192.102.255.80,64.140.119.160,43.6319,43.8404,-79.3716,-79.0251,,Ajax
5543,76106539,2018-05-01 11:54:26,2018-05-01 11:56:09,103,98.0,1.0,5.0,214,sanitized,412,sanitized,sanitized,device,sanitized,ecived,1654599251,11000,1676539840,1032,caller,3,1,200,0,33685522,0.0,1.0,9.0,9.0,1654599251.0,1676539840.0,4850.0,4870.0,0.0,0.0,2.0,3931.0,2.0,28.0,33.0,5.0,0.0,0.0,0.0,0.0,0.0,0.0,0.0,0.0,0.0,0.0,0.0,0.0,0.0,0.0,0.0,0.0,0.0,0.0,0.0,0.0,0.0,0.0,0.0,0.0,0.0,0.0,0.0,0.0,0.0,0.0,0.0,0.0,0.0,0.0,,,45.0,45.0,45.0,45.0,45.0,45.0,0.0,0.0,0.0,2.0,21.0,0.0,0.0,0.0,14.0,37.0,0.0,0.0,9.0,28.0,45.0,45.0,45.0,0.0,0.0,0.0,0.0,0.0,0.0,0.0,0.0,0.0,0.0,0.0,0.0,0.0,58.0,0.0,902,,255.0,,255.0,,,16.0,21.0,,,,,,,,,1.0,179.0,45.0,45.0,45.0,45.0,45.0,45.0,20.0,20.0,,98.159.46.83,99.237.247.192,40.7432,47.6333,-75.2242,-52.85,Easton,Portugal Cove
5654,76100504,2018-05-01 00:00:27,2018-05-01 00:02:13,106,91.0,0.0,15.0,250304,sanitized,403052,sanitized,sanitized,103,sanitized,301,3227975251,11000,1268628388,1032,caller,3,1,200,0,33685504,0.0,2.0,9.0,9.0,3227975251.0,1268628388.0,4554.0,4542.0,1.0,0.0,2.0,,2.0,3.0,2.0,1.0,1.0,0.0,0.0,0.0,0.0,0.0,0.0,0.0,0.0,0.0,0.0,0.0,0.0,0.0,0.0,0.0,0.0,0.0,0.0,0.0,0.0,0.0,0.0,0.0,0.0,0.0,0.0,0.0,0.0,0.0,0.0,0.0,0.0,0.0,,,45.0,45.0,45.0,45.0,45.0,45.0,0.0,0.0,0.0,0.0,0.0,,,,,,0.0,0.0,9.0,3.0,45.0,45.0,45.0,22.0,22.0,0.0,0.0,0.0,0.0,0.0,0.0,0.0,0.0,0.0,0.0,0.0,0.0,1.0,501,,255.0,,255.0,,,16.0,21.0,,,,,,,,,2.0,296.0,45.0,45.0,45.0,45.0,45.0,45.0,20.0,20.0,,192.102.254.83,75.157.187.164,43.6319,49.8928,-79.3716,-119.4852,,Kelowna
5947,76107957,2018-05-01 12:13:24,2018-05-01 12:14:56,92,89.0,2.0,1.0,248363,sanitized,38421+,sanitized,sanitized,173070,sanitized,070371,3227975504,5060,1822862534,5060,caller,3,1,200,0,33554432,1.0,0.0,0.0,0.0,3227975506.0,387781962.0,4471.0,4535.0,0.0,0.0,2.0,,2.0,2.0,11.0,1.0,0.0,0.0,0.0,0.0,0.0,0.0,0.0,0.0,0.0,0.0,0.0,0.0,0.0,0.0,0.0,0.0,0.0,0.0,0.0,0.0,0.0,0.0,0.0,0.0,0.0,0.0,0.0,0.0,0.0,0.0,0.0,0.0,0.0,0.0,,,45.0,45.0,45.0,45.0,45.0,45.0,65535.0,57.0,32.0,0.0,2.0,,,,,,0.0,0.0,0.0,2.0,45.0,45.0,45.0,0.0,0.0,0.0,0.0,0.0,0.0,0.0,0.0,0.0,0.0,0.0,0.0,32.0,2.0,0.0,802,,,,,,,16.0,21.0,,,,,,,,,42.0,1026.0,45.0,45.0,45.0,45.0,45.0,45.0,20.0,20.0,,192.102.255.80,108.166.172.198,43.6319,33.0856,-79.3716,-96.6115,,Allen
6506,76102185,2018-05-01 01:11:43,2018-05-01 01:38:12,1589,1586.0,0.0,3.0,604823,sanitized,328406,sanitized,sanitized,201,sanitized,102,3227975251,11000,1178985642,5519,callee,3,1,200,0,33685550,0.0,1.0,9.0,9.0,3227975251.0,1178985642.0,79252.0,79251.0,8.0,6.0,2.0,94.0,1.0,15.0,2.0,6.0,8.0,0.0,0.0,0.0,0.0,0.0,0.0,0.0,0.0,0.0,0.0,0.0,0.0,0.0,0.0,0.0,0.0,6.0,0.0,0.0,0.0,0.0,0.0,0.0,0.0,0.0,0.0,0.0,0.0,0.0,0.0,0.0,0.0,0.0,,,45.0,45.0,45.0,45.0,45.0,45.0,0.0,0.0,0.0,0.0,1.0,,,,,,0.0,1.0,9.0,15.0,45.0,45.0,45.0,10.0,10.0,8.0,0.0,0.0,0.0,0.0,0.0,0.0,0.0,0.0,0.0,0.0,1.0,8.0,501,,255.0,,255.0,,,,,,,,,,,,,1.0,125.0,45.0,45.0,45.0,45.0,45.0,45.0,20.0,20.0,,192.102.254.83,70.69.228.170,43.6319,49.2068,-79.3716,-122.4851,,Maple Ridge
6559,76105064,2018-05-01 10:59:45,2018-05-01 11:26:58,1633,1633.0,0.0,,617413,sanitized,314716,sanitized,sanitized,855247,sanitized,25581+,3227975250,11000,1397208903,5060,caller,3,1,200,0,0,,,,,,,,,,,2.0,81.0,,,,,,,,,,,,,,,,,,,,,,,,,,,,,,,,,,,,,,,,,,,,,,,,,,,,,,,,,,,,,,,,,,,,,,,,,,,,,,,501,,255.0,,255.0,,,16.0,53.0,,,,,,,,,126.0,144.0,,,,,,,,,,192.102.254.82,83.71.183.71,43.6319,53.3331,-79.3716,-6.2489,,Dublin
6585,76109147,2018-05-01 12:25:28,2018-05-01 12:25:51,23,12.0,0.0,11.0,213,sanitized,312,sanitized,sanitized,404,sanitized,404,3227975504,7000,412233259,1031,caller,3,1,200,0,33554432,0.0,1.0,0.0,0.0,3227975506.0,412233259.0,585.0,590.0,0.0,0.0,2.0,2154.0,1.0,9.0,1.0,4.0,0.0,0.0,0.0,0.0,0.0,0.0,0.0,0.0,0.0,0.0,0.0,0.0,0.0,0.0,0.0,0.0,0.0,0.0,0.0,0.0,0.0,0.0,0.0,0.0,0.0,0.0,0.0,0.0,0.0,0.0,0.0,0.0,0.0,0.0,,,45.0,45.0,45.0,45.0,45.0,45.0,0.0,0.0,0.0,0.0,1.0,,,,,,0.0,0.0,0.0,9.0,45.0,45.0,45.0,0.0,0.0,0.0,0.0,0.0,0.0,0.0,0.0,0.0,0.0,0.0,0.0,0.0,1.0,0.0,802,,,,,,,16.0,21.0,,,,,,,,,42.0,131.0,45.0,45.0,45.0,45.0,45.0,45.0,20.0,20.0,,192.102.255.80,24.146.46.43,43.6319,44.9001,-79.3716,-76.2494,,Perth
6610,76107904,2018-05-01 12:13:31,2018-05-01 12:13:57,26,26.0,0.0,0.0,903,sanitized,309,sanitized,sanitized,200,sanitized,002,1611994918,5063,1654599248,7000,caller,3,1,200,0,131072,1.0,0.0,9.0,9.0,1611994918.0,1654599250.0,1264.0,1264.0,0.0,0.0,3379.0,2.0,21.0,2.0,5.0,2.0,0.0,0.0,0.0,0.0,0.0,0.0,0.0,0.0,0.0,0.0,0.0,0.0,0.0,0.0,0.0,0.0,0.0,0.0,0.0,0.0,0.0,0.0,0.0,0.0,0.0,0.0,0.0,0.0,0.0,0.0,0.0,0.0,0.0,0.0,,,45.0,45.0,45.0,45.0,45.0,45.0,,,,,,65535.0,1.0,4.0,1.0,4.0,1.0,0.0,9.0,21.0,45.0,45.0,45.0,0.0,0.0,0.0,0.0,0.0,0.0,0.0,0.0,0.0,0.0,0.0,0.0,4.0,4.0,0.0,902,,255.0,,255.0,,,,,,,,,,,,,1.0,7.0,45.0,45.0,45.0,45.0,45.0,45.0,20.0,20.0,,96.21.23.38,98.159.46.80,46.8287,40.7432,-71.334,-75.2242,Qu√©bec,Easton
6614,76103380,2018-05-01 04:41:38,2018-05-01 05:08:48,1630,1612.0,0.0,18.0,480361,sanitized,30841+,sanitized,sanitized,152078,sanitized,870251,3227975505,7000,1186483740,5060,caller,3,1,200,0,33554432,0.0,1.0,0.0,0.0,3227975506.0,1186483740.0,80568.0,80558.0,0.0,143.0,2.0,,1.0,22.0,2.0,13.0,0.0,0.0,0.0,0.0,0.0,0.0,0.0,0.0,0.0,0.0,0.0,0.0,0.0,0.0,0.0,0.0,0.0,133.0,5.0,0.0,0.0,0.0,0.0,0.0,0.0,0.0,0.0,5.0,1.0,0.0,0.0,0.0,0.0,0.0,,,45.0,45.0,45.0,45.0,45.0,45.0,,,,,,,,,,,0.0,0.0,0.0,22.0,45.0,45.0,45.0,177.0,0.0,177.0,380.0,0.0,380.0,6333.0,0.0,6333.0,6.0,0.0,6.0,,,143.0,802,,,,,,,16.0,21.0,,,,,,,,,88.0,110.0,45.0,45.0,45.0,45.0,45.0,45.0,20.0,20.0,,192.102.255.81,70.184.78.28,43.6319,32.2541,-79.3716,-110.8785,,Tucson
6984,76102848,2018-05-01 02:50:53,2018-05-01 02:51:24,31,15.0,0.0,16.0,519282,sanitized,282915,sanitized,sanitized,601,sanitized,106,3227975504,7000,755176634,1024,callee,3,1,200,0,33554432,0.0,1.0,9.0,9.0,3227975507.0,755176634.0,740.0,749.0,0.0,0.0,2.0,,1.0,3.0,1.0,1.0,0.0,0.0,0.0,0.0,0.0,0.0,0.0,0.0,0.0,0.0,0.0,0.0,0.0,0.0,0.0,0.0,0.0,0.0,0.0,0.0,0.0,0.0,0.0,0.0,0.0,0.0,0.0,0.0,0.0,0.0,0.0,0.0,0.0,0.0,,,45.0,45.0,45.0,45.0,45.0,45.0,,,,,,,,,,,0.0,0.0,9.0,3.0,45.0,45.0,45.0,0.0,0.0,0.0,0.0,0.0,0.0,0.0,0.0,0.0,0.0,0.0,0.0,,,0.0,802,,,,,,,,,,,,,,,,,121.0,190.0,45.0,45.0,45.0,45.0,45.0,45.0,20.0,20.0,,192.102.255.80,45.3.20.186,43.6319,43.5148,-79.3716,-79.884,,Milton
7404,76102704,2018-05-01 02:27:53,2018-05-01 02:28:40,47,43.0,1.0,,604562,sanitized,265406,sanitized,sanitized,110,sanitized,011,3227975507,11000,1090361019,5060,callee,3,1,200,0,33685504,,,,,,,,,,,2.0,2942.0,,,,,,,,,,,,,,,,,,,,,,,,,,,,,,,,,,,,,,,,,,,,,,,,,,,,,,,,,,,,,,,,,,,,,,,,,,,,,,,501,,255.0,,255.0,,,,,,,,,,,,,0.0,141.0,,,,,,,,,,192.102.255.83,64.253.150.187,43.6319,49.1707,-79.3716,-122.7326,,Surrey
7849,76104739,2018-05-01 11:12:54,2018-05-01 11:13:38,44,34.0,0.0,10.0,311812,sanitized,218113,sanitized,sanitized,+31703,sanitized,30713+,1654599248,5060,1599332522,13662,callee,3,1,200,0,34734098,2.0,1.0,0.0,0.0,1654599250.0,1599332522.0,1650.0,1648.0,0.0,0.0,2.0,3602.0,1.0,2.0,1.0,2.0,0.0,0.0,0.0,0.0,0.0,0.0,0.0,0.0,0.0,0.0,0.0,0.0,0.0,0.0,0.0,0.0,0.0,0.0,0.0,0.0,0.0,0.0,0.0,0.0,0.0,0.0,0.0,0.0,0.0,0.0,0.0,0.0,0.0,0.0,,,45.0,45.0,45.0,45.0,45.0,45.0,65535.0,1.0,2.0,9.0,28.0,,,,,,1.0,1.0,0.0,2.0,45.0,45.0,45.0,0.0,0.0,0.0,0.0,0.0,0.0,0.0,0.0,0.0,0.0,0.0,0.0,2.0,28.0,0.0,902,,255.0,,255.0,,,,,,,,,,,,,104.0,231.0,45.0,45.0,45.0,45.0,45.0,45.0,20.0,20.0,,98.159.46.80,95.83.224.170,40.7432,53.3331,-75.2242,-6.2489,Easton,Dublin
8098,76102840,2018-05-01 01:45:43,2018-05-01 02:50:48,3905,3892.0,0.0,13.0,810208,sanitized,20181+,sanitized,sanitized,3810,sanitized,0183,3227975506,11000,1664327376,1024,callee,3,1,200,0,33685504,0.0,1.0,0.0,0.0,3227975506.0,1664327376.0,194483.0,194583.0,113.0,17.0,2.0,3531.0,1.0,6.0,2.0,3.0,113.0,0.0,0.0,0.0,0.0,0.0,0.0,0.0,0.0,0.0,0.0,0.0,0.0,0.0,0.0,0.0,0.0,17.0,0.0,0.0,0.0,0.0,0.0,0.0,0.0,0.0,0.0,0.0,0.0,0.0,0.0,0.0,0.0,0.0,,,45.0,45.0,45.0,45.0,45.0,45.0,65535.0,30.0,32.0,5.0,0.0,,,,,,0.0,0.0,0.0,6.0,45.0,45.0,45.0,58.0,58.0,9.0,0.0,0.0,0.0,0.0,0.0,0.0,0.0,0.0,0.0,32.0,0.0,113.0,801,,,,,,,,,,,,,,,,,1.0,88.0,45.0,45.0,45.0,45.0,45.0,45.0,20.0,20.0,,192.102.255.82,99.51.158.208,43.6319,42.586,-79.3716,-83.5006,,Commerce
8699,76109094,2018-05-01 12:24:22,2018-05-01 12:24:33,11,9.0,0.0,,330821,sanitized,128033,sanitized,sanitized,238,sanitized,832,3227975250,11000,1676935419,1933,caller,2,1,200,0,33685504,,,,,,,,,,,2.0,3279.0,,,,,,,,,,,,,,,,,,,,,,,,,,,,,,,,,,,,,,,,,,,,,,,,,,,,,,,,,,,,,,,,,,,,,,,,,,,,,,,801,,,,,,,16.0,21.0,,,,,,,,,1.0,140.0,,,,,,,,,4.0,192.102.254.82,99.244.0.251,43.6319,43.0614,-79.3716,-80.9943,,Thamesford
8806,76106669,2018-05-01 11:53:20,2018-05-01 11:58:21,301,299.0,0.0,,514521,sanitized,125415,sanitized,sanitized,8018,sanitized,8108,3227975507,11000,3626900266,8148,callee,3,1,200,0,33685504,,,,,,,,,,,2.0,11.0,,,,,,,,,,,,,,,,,,,,,,,,,,,,,,,,,,,,,,,,,,,,,,,,,,,,,,,,,,,,,,,,,,,,,,,,,,,,,,,902,,255.0,,255.0,,,,,,,,,,,,,1.0,48.0,,,,,,,,,,192.102.255.83,216.46.27.42,43.6319,45.47,-79.3716,-73.6686,,Montreal
9870,76110361,2018-05-01 12:36:52,2018-05-01 12:37:20,28,24.0,4.0,4.0,200,sanitized,002,sanitized,sanitized,*97,sanitized,79*,1676918269,5060,1654599251,11000,caller,3,1,200,0,33690112,1.0,0.0,9.0,9.0,1676918269.0,1654599251.0,1181.0,1190.0,0.0,0.0,2429.0,2.0,26.0,2.0,6.0,2.0,0.0,0.0,0.0,0.0,0.0,0.0,0.0,0.0,0.0,0.0,0.0,0.0,0.0,0.0,0.0,0.0,0.0,0.0,0.0,0.0,0.0,0.0,0.0,0.0,0.0,0.0,0.0,0.0,0.0,0.0,0.0,0.0,0.0,0.0,,,45.0,45.0,43.0,45.0,45.0,45.0,65535.0,3.0,25.0,0.0,7.0,0.0,0.0,0.0,0.0,0.0,0.0,0.0,9.0,26.0,45.0,45.0,45.0,0.0,0.0,0.0,0.0,0.0,0.0,0.0,0.0,0.0,0.0,0.0,0.0,25.0,7.0,0.0,902,,255.0,,255.0,,,,,,,,,,,,,2.0,26.0,45.0,45.0,41.0,45.0,45.0,45.0,20.0,20.0,,99.243.189.253,98.159.46.83,43.0443,40.7432,-81.2391,-75.2242,London,Easton
9932,76109521,2018-05-01 12:28:38,2018-05-01 12:28:49,11,7.0,0.0,4.0,2000,sanitized,0002,sanitized,sanitized,device,sanitized,ecived,1654599251,11000,2394021867,54465,caller,3,1,200,0,33685510,2.0,1.0,9.0,9.0,1654599251.0,2394021867.0,279.0,295.0,0.0,0.0,2.0,3931.0,1.0,26.0,1.0,4.0,0.0,0.0,0.0,0.0,0.0,0.0,0.0,0.0,0.0,0.0,0.0,0.0,0.0,0.0,0.0,0.0,0.0,0.0,0.0,0.0,0.0,0.0,0.0,0.0,0.0,0.0,0.0,0.0,0.0,0.0,0.0,0.0,0.0,0.0,,,45.0,45.0,45.0,45.0,45.0,45.0,,,,,,,,,,,1.0,0.0,9.0,26.0,45.0,45.0,45.0,0.0,0.0,0.0,0.0,0.0,0.0,0.0,0.0,0.0,0.0,0.0,0.0,,,0.0,902,,255.0,,255.0,,,16.0,21.0,,,,,,,,,1.0,338.0,45.0,45.0,45.0,45.0,45.0,45.0,20.0,20.0,,98.159.46.83,142.177.223.235,40.7432,45.0691,-75.2242,-64.4696,Easton,New Minas
